"SAP_ID","Plant_Name","Plant_Type","Country","City","Operational_Status","Capacity_Util_Pct","Total_Headcount","Area_Sqm","Established_Year","Production_Lines"
"FAC-301","宁德超级工厂一期","电芯生产","中国","福建宁德","Running","0.85","3200","180000","2020","12"
"FAC-302","常州溧阳制造基地","总装","中国","江苏常州","Running","0.78","1800","120000","2019","8"
"FAC-303","合肥新能源总装厂","总装","中国","安徽合肥","Running","0.62","1500","90000","2021","6"
"FAC-304","武汉电池回收再生中心","再生","中国","湖北武汉","Running","0.55","600","45000","2022","4"
"FAC-305","深圳研发试产线","研发","中国","广东深圳","Maintenance","0.15","200","12000","2023","2"
"FAC-306","重庆两江新区制造基地","电芯+总装","中国","重庆","Running","0.72","2100","150000","2021","10"
"FAC-307","匈牙利德布勒森海外工厂","电芯+总装","匈牙利","德布勒森","Running","0.88","2800","200000","2024","14"
"FAC-401","印尼雅加达电池产业园 ⚡","电芯生产","印度尼西亚","雅加达","Running","0.65","1200","100000","2025","6"
"FAC-402","墨西哥蒙特雷北美工厂 ⚡","总装","墨西哥","蒙特雷","Running","0.7","800","80000","2025","4"
